key,name,url,expectedPins,pinCount,imagesCount,enabled,lastChange
zelda,Zelda,null,0,0,93,false,2022.01.06 20:50:13
yugioh,YuGiOh,null,0,0,4,false,2022.01.06 20:50:13
your_name,Your Name,null,0,0,31,false,2022.01.06 20:50:13
x_men,X-Men,null,0,0,1,false,2023.05.17 21:03:16
we_bare_bears,We Bare Bears,null,0,0,47,false,2022.01.06 20:50:13
wallpaper_app_ideas,Wallpaper app ideas,null,0,0,2,false,2022.01.06 20:50:13
wallpaper,Wallpaper,null,0,0,450,false,2022.01.06 20:50:13
video_game,Video Game,null,0,0,22,false,2022.01.06 20:50:13
video,Video,null,0,0,20,false,2022.01.06 20:50:13
trip_ing_skies,Tripping Skies,null,0,0,5,false,2023.05.17 21:03:16
tower_of_god,Tower Of God,null,0,0,15,false,2022.01.06 20:50:13
topdown,TopDown,null,0,0,7,false,2022.01.06 20:50:13
the_witcher,The Witcher,null,0,0,67,false,2022.01.06 20:50:13
tartarugas_ninjas,Tartarugas Ninjas,null,0,0,7,false,2022.01.06 20:50:13
tmnt,TMNT,null,0,0,1,false,2023.05.17 21:03:16

